NAME	ORIGINAL SIZE	AFTER RESTRICTING TO DATASET	STATUS	
GOCC_90S_PRERIBOSOME	29	28		
GOCC_9PLUS0_MOTILE_CILIUM	5		Rejected!	
GOCC_9PLUS0_NON_MOTILE_CILIUM	132	95		
GOCC_9PLUS2_MOTILE_CILIUM	182	130		
GOCC_ACETYLCHOLINE_GATED_CHANNEL_COMPLEX	16		Rejected!	
GOCC_ACETYLTRANSFERASE_COMPLEX	105	98		
GOCC_ACROSOMAL_MEMBRANE	32	24		
GOCC_ACROSOMAL_VESICLE	145	102		
GOCC_ACTIN_BASED_CELL_PROJECTION	227	179		
GOCC_ACTIN_CYTOSKELETON	501	427		
GOCC_ACTIN_FILAMENT	118	106		
GOCC_ACTIN_FILAMENT_BUNDLE	79	68		
GOCC_ACTIVIN_RECEPTOR_COMPLEX	6		Rejected!	
GOCC_ACTOMYOSIN	77	66		
GOCC_ADHERENS_JUNCTION	188	160		
GOCC_AGGRESOME	35	30		
GOCC_ALPHA_BETA_T_CELL_RECEPTOR_COMPLEX	10		Rejected!	
GOCC_ALPHA_DNA_POLYMERASE_PRIMASE_COMPLEX	5		Rejected!	
GOCC_ALVEOLAR_LAMELLAR_BODY	7		Rejected!	
GOCC_AMINOACYL_TRNA_SYNTHETASE_MULTIENZYME_COMPLEX	11		Rejected!	
GOCC_AMPA_GLUTAMATE_RECEPTOR_COMPLEX	26	15		
GOCC_AMPHISOME	14		Rejected!	
GOCC_AMPHISOME_MEMBRANE	12		Rejected!	
GOCC_ANAPHASE_PROMOTING_COMPLEX	21	21		
GOCC_ANCHORING_JUNCTION	901		Rejected!	
GOCC_ANKYRIN_1_COMPLEX	8		Rejected!	
GOCC_ANNULATE_LAMELLAE	5		Rejected!	
GOCC_APICAL_CORTEX	8		Rejected!	
GOCC_APICAL_DENDRITE	16		Rejected!	
GOCC_APICAL_JUNCTION_COMPLEX	150	135		
GOCC_APICAL_PART_OF_CELL	471	357		
GOCC_APICOLATERAL_PLASMA_MEMBRANE	22	18		
GOCC_APOLIPOPROTEIN_B_MRNA_EDITING_ENZYME_COMPLEX	5		Rejected!	
GOCC_AP_1_ADAPTOR_COMPLEX	12		Rejected!	
GOCC_AP_2_ADAPTOR_COMPLEX	10		Rejected!	
GOCC_AP_3_ADAPTOR_COMPLEX	9		Rejected!	
GOCC_AP_TYPE_MEMBRANE_COAT_ADAPTOR_COMPLEX	38	36		
GOCC_ARP2_3_PROTEIN_COMPLEX	9		Rejected!	
GOCC_ARYL_HYDROCARBON_RECEPTOR_COMPLEX	8		Rejected!	
GOCC_ASTER	11		Rejected!	
GOCC_ASTROCYTE_END_FOOT	9		Rejected!	
GOCC_ASTROCYTE_PROJECTION	19		Rejected!	
GOCC_ASYMMETRIC_GLUTAMATERGIC_EXCITATORY_SYNAPSE	16		Rejected!	
GOCC_ATAC_COMPLEX	14		Rejected!	
GOCC_ATG12_ATG5_ATG16_COMPLEX	5		Rejected!	
GOCC_ATG1_ULK1_KINASE_COMPLEX	6		Rejected!	
GOCC_ATPASE_COMPLEX	146	141		
GOCC_ATPASE_DEPENDENT_TRANSMEMBRANE_TRANSPORT_COMPLEX	25		Rejected!	
GOCC_ATP_BINDING_CASSETTE_ABC_TRANSPORTER_COMPLEX	6		Rejected!	
GOCC_AUTOLYSOSOME	12		Rejected!	
GOCC_AUTOPHAGOSOME	117	112		
GOCC_AUTOPHAGOSOME_MEMBRANE	53	50		
GOCC_AXOLEMMA	15		Rejected!	
GOCC_AXON	648	489		
GOCC_AXONAL_GROWTH_CONE	27	20		
GOCC_AXONEMAL_DYNEIN_COMPLEX	22	19		
GOCC_AXONEMAL_MICROTUBULE	43	36		
GOCC_AXON_CYTOPLASM	63	57		
GOCC_AXON_HILLOCK	7		Rejected!	
GOCC_AXON_INITIAL_SEGMENT	21		Rejected!	
GOCC_AZUROPHIL_GRANULE	157	121		
GOCC_AZUROPHIL_GRANULE_LUMEN	91	69		
GOCC_AZUROPHIL_GRANULE_MEMBRANE	59	46		
GOCC_A_BAND	34	26		
GOCC_BARR_BODY	8		Rejected!	
GOCC_BASAL_CORTEX	5		Rejected!	
GOCC_BASAL_DENDRITE	6		Rejected!	
GOCC_BASAL_PART_OF_CELL	303	240		
GOCC_BASEMENT_MEMBRANE	90	70		
GOCC_BASEMENT_MEMBRANE_COLLAGEN_TRIMER	8		Rejected!	
GOCC_BASOLATERAL_PLASMA_MEMBRANE	251	195		
GOCC_BBAF_COMPLEX	10		Rejected!	
GOCC_BBSOME	8		Rejected!	
GOCC_BCL_2_FAMILY_PROTEIN_COMPLEX	10		Rejected!	
GOCC_BETA_CATENIN_DESTRUCTION_COMPLEX	11		Rejected!	
GOCC_BETA_CATENIN_TCF_COMPLEX	13		Rejected!	
GOCC_BLEB	9		Rejected!	
GOCC_BLOC_1_COMPLEX	9		Rejected!	
GOCC_BLOC_COMPLEX	14		Rejected!	
GOCC_BLOOD_MICROPARTICLE	144	68		
GOCC_BORC_COMPLEX	8		Rejected!	
GOCC_BOX_C_D_RNP_COMPLEX	6		Rejected!	
GOCC_BOX_H_ACA_RNP_COMPLEX	9		Rejected!	
GOCC_BOX_H_ACA_TELOMERASE_RNP_COMPLEX	5		Rejected!	
GOCC_BRAHMA_COMPLEX	14		Rejected!	
GOCC_BRCA1_A_COMPLEX	8		Rejected!	
GOCC_BRCA1_C_COMPLEX	6		Rejected!	
GOCC_BRISC_COMPLEX	6		Rejected!	
GOCC_BRUSH_BORDER	108	93		
GOCC_BRUSH_BORDER_MEMBRANE	60	50		
GOCC_B_CELL_RECEPTOR_COMPLEX	5		Rejected!	
GOCC_B_WICH_COMPLEX	7		Rejected!	
GOCC_CAJAL_BODY	81	74		
GOCC_CALCINEURIN_COMPLEX	6		Rejected!	
GOCC_CALCITONIN_FAMILY_RECEPTOR_COMPLEX	5		Rejected!	
GOCC_CALCIUM_AND_CALMODULIN_DEPENDENT_PROTEIN_KINASE_COMPLEX	5		Rejected!	
GOCC_CALCIUM_CHANNEL_COMPLEX	79	63		
GOCC_CALYX_OF_HELD	19		Rejected!	
GOCC_CAMP_DEPENDENT_PROTEIN_KINASE_COMPLEX	9		Rejected!	
GOCC_CANONICAL_INFLAMMASOME_COMPLEX	17		Rejected!	
GOCC_CARBOXY_TERMINAL_DOMAIN_PROTEIN_KINASE_COMPLEX	19	17		
GOCC_CARDIAC_MYOFIBRIL	6		Rejected!	
GOCC_CASPASE_COMPLEX	10		Rejected!	
GOCC_CATALYTIC_COMPLEX	1730		Rejected!	
GOCC_CATALYTIC_STEP_1_SPLICEOSOME	12		Rejected!	
GOCC_CATALYTIC_STEP_2_SPLICEOSOME	91	89		
GOCC_CATENIN_COMPLEX	31	17		
GOCC_CATION_CHANNEL_COMPLEX	193	122		
GOCC_CATION_TRANSPORTING_ATPASE_COMPLEX	19		Rejected!	
GOCC_CATSPER_COMPLEX	14		Rejected!	
GOCC_CAVEOLA	82	63		
GOCC_CBM_COMPLEX	5		Rejected!	
GOCC_CCAAT_BINDING_FACTOR_COMPLEX	5		Rejected!	
GOCC_CCR4_NOT_COMPLEX	14		Rejected!	
GOCC_CCR4_NOT_CORE_COMPLEX	6		Rejected!	
GOCC_CD40_RECEPTOR_COMPLEX	11		Rejected!	
GOCC_CD95_DEATH_INDUCING_SIGNALING_COMPLEX	6		Rejected!	
GOCC_CDC73_PAF1_COMPLEX	7		Rejected!	
GOCC_CELL_BODY	555	410		
GOCC_CELL_BODY_FIBER	7		Rejected!	
GOCC_CELL_BODY_MEMBRANE	32	18		
GOCC_CELL_CELL_CONTACT_ZONE	72	60		
GOCC_CELL_CELL_JUNCTION	513	420		
GOCC_CELL_CORTEX	305	254		
GOCC_CELL_CORTEX_REGION	38	31		
GOCC_CELL_DIVISION_SITE	73	59		
GOCC_CELL_LEADING_EDGE	424	376		
GOCC_CELL_POLE	7		Rejected!	
GOCC_CELL_PROJECTION_MEMBRANE	353	289		
GOCC_CELL_SUBSTRATE_JUNCTION	434	395		
GOCC_CELL_SURFACE	903		Rejected!	
GOCC_CELL_TIP	5		Rejected!	
GOCC_CELL_TRAILING_EDGE	14		Rejected!	
GOCC_CENTRAL_ELEMENT	8		Rejected!	
GOCC_CENTRIOLAR_SATELLITE	118	103		
GOCC_CENTRIOLAR_SUBDISTAL_APPENDAGE	10		Rejected!	
GOCC_CENTRIOLE	157	146		
GOCC_CENTROSOME	640		Rejected!	
GOCC_CEREBELLAR_CLIMBING_FIBER_TO_PURKINJE_CELL_SYNAPSE	7		Rejected!	
GOCC_CEREBELLAR_MOSSY_FIBER	7		Rejected!	
GOCC_CHAPERONIN_CONTAINING_T_COMPLEX	11		Rejected!	
GOCC_CHECKPOINT_CLAMP_COMPLEX	5		Rejected!	
GOCC_CHITOSOME	21	15		
GOCC_CHLORIDE_CHANNEL_COMPLEX	55	30		
GOCC_CHOLINERGIC_SYNAPSE	11		Rejected!	
GOCC_CHROMAFFIN_GRANULE	13		Rejected!	
GOCC_CHROMAFFIN_GRANULE_MEMBRANE	9		Rejected!	
GOCC_CHROMATIN_SILENCING_COMPLEX	13		Rejected!	
GOCC_CHROMATOID_BODY	13		Rejected!	
GOCC_CHROMOCENTER	14		Rejected!	
GOCC_CHROMOSOMAL_REGION	399	370		
GOCC_CHROMOSOME	1956		Rejected!	
GOCC_CHROMOSOME_CENTROMERIC_CORE_DOMAIN	19		Rejected!	
GOCC_CHROMOSOME_CENTROMERIC_REGION	258	241		
GOCC_CHROMOSOME_PASSENGER_COMPLEX	6		Rejected!	
GOCC_CHROMOSOME_TELOMERIC_REGION	171	154		
GOCC_CHROMOSOME_TELOMERIC_REPEAT_REGION	13		Rejected!	
GOCC_CHYLOMICRON	12		Rejected!	
GOCC_CIA_COMPLEX	5		Rejected!	
GOCC_CILIARY_BASAL_BODY	171	158		
GOCC_CILIARY_BASE	47	41		
GOCC_CILIARY_MEMBRANE	76	58		
GOCC_CILIARY_PLASM	167	138		
GOCC_CILIARY_ROOTLET	15		Rejected!	
GOCC_CILIARY_TIP	48	45		
GOCC_CILIARY_TRANSITION_FIBER	8		Rejected!	
GOCC_CILIARY_TRANSITION_ZONE	73	66		
GOCC_CILIUM	764		Rejected!	
GOCC_CIS_GOLGI_NETWORK	74	56		
GOCC_CIS_GOLGI_NETWORK_MEMBRANE	10		Rejected!	
GOCC_CKM_COMPLEX	5		Rejected!	
GOCC_CLATHRIN_ADAPTOR_COMPLEX	26	24		
GOCC_CLATHRIN_COAT	48	43		
GOCC_CLATHRIN_COATED_ENDOCYTIC_VESICLE	92	55		
GOCC_CLATHRIN_COATED_ENDOCYTIC_VESICLE_MEMBRANE	74	43		
GOCC_CLATHRIN_COATED_PIT	75	68		
GOCC_CLATHRIN_COATED_VESICLE	214	165		
GOCC_CLATHRIN_COATED_VESICLE_MEMBRANE	136	99		
GOCC_CLATHRIN_COAT_OF_COATED_PIT	17	15		
GOCC_CLATHRIN_COMPLEX	6		Rejected!	
GOCC_CLATHRIN_SCULPTED_GAMMA_AMINOBUTYRIC_ACID_TRANSPORT_VESICLE	8		Rejected!	
GOCC_CLATHRIN_SCULPTED_MONOAMINE_TRANSPORT_VESICLE	5		Rejected!	
GOCC_CLATHRIN_SCULPTED_VESICLE	12		Rejected!	
GOCC_CLATHRIN_VESICLE_COAT	34	31		
GOCC_CLEAVAGE_FURROW	54	49		
GOCC_CLOCK_BMAL_TRANSCRIPTION_COMPLEX	5		Rejected!	
GOCC_CLUSTER_OF_ACTIN_BASED_CELL_PROJECTIONS	165	133		
GOCC_CMG_COMPLEX	11		Rejected!	
GOCC_COATED_VESICLE	313	257		
GOCC_COATED_VESICLE_MEMBRANE	203	160		
GOCC_COHESIN_COMPLEX	10		Rejected!	
GOCC_COLLAGEN_CONTAINING_EXTRACELLULAR_MATRIX	430	278		
GOCC_COLLAGEN_TRIMER	86	45		
GOCC_COLLAGEN_TYPE_IV_TRIMER	6		Rejected!	
GOCC_COMMITMENT_COMPLEX	5		Rejected!	
GOCC_COMPACT_MYELIN	14		Rejected!	
GOCC_COMPLEX_OF_COLLAGEN_TRIMERS	21		Rejected!	
GOCC_CONDENSED_CHROMOSOME	282	260		
GOCC_CONDENSED_CHROMOSOME_CENTROMERIC_REGION	182	174		
GOCC_CONDENSED_NUCLEAR_CHROMOSOME	81	67		
GOCC_CONDENSIN_COMPLEX	8		Rejected!	
GOCC_CONE_PHOTORECEPTOR_OUTER_SEGMENT	9		Rejected!	
GOCC_CONNEXIN_COMPLEX	21		Rejected!	
GOCC_CONTRACTILE_FIBER	245	201		
GOCC_CONTRACTILE_RING	10		Rejected!	
GOCC_COP9_SIGNALOSOME	17	15		
GOCC_COPII_COATED_ER_TO_GOLGI_TRANSPORT_VESICLE	94	76		
GOCC_COPII_VESICLE_COAT	16	16		
GOCC_COPI_COATED_VESICLE	25	24		
GOCC_COPI_COATED_VESICLE_MEMBRANE	18	17		
GOCC_COPI_VESICLE_COAT	13		Rejected!	
GOCC_CORE_MEDIATOR_COMPLEX	26	26		
GOCC_CORNIFIED_ENVELOPE	60	36		
GOCC_CORTICAL_ACTIN_CYTOSKELETON	73	65		
GOCC_CORTICAL_CYTOSKELETON	105	90		
GOCC_CORTICAL_ENDOPLASMIC_RETICULUM	6		Rejected!	
GOCC_CORTICAL_GRANULE	6		Rejected!	
GOCC_CORVET_COMPLEX	7		Rejected!	
GOCC_COSTAMERE	18	16		
GOCC_CRD_MEDIATED_MRNA_STABILITY_COMPLEX	6		Rejected!	
GOCC_CTF18_RFC_LIKE_COMPLEX	7		Rejected!	
GOCC_CUL2_RING_UBIQUITIN_LIGASE_COMPLEX	25	22		
GOCC_CUL3_RING_UBIQUITIN_LIGASE_COMPLEX	36	35		
GOCC_CUL4A_RING_E3_UBIQUITIN_LIGASE_COMPLEX	13		Rejected!	
GOCC_CUL4B_RING_E3_UBIQUITIN_LIGASE_COMPLEX	6		Rejected!	
GOCC_CUL4_RING_E3_UBIQUITIN_LIGASE_COMPLEX	37	32		
GOCC_CUL5_RING_UBIQUITIN_LIGASE_COMPLEX	9		Rejected!	
GOCC_CULLIN_RING_UBIQUITIN_LIGASE_COMPLEX	182	166		
GOCC_CUTICULAR_PLATE	8		Rejected!	
GOCC_CYCLIN_CDK_POSITIVE_TRANSCRIPTION_ELONGATION_FACTOR_COMPLEX	6		Rejected!	
GOCC_CYCLIN_DEPENDENT_PROTEIN_KINASE_HOLOENZYME_COMPLEX	54	53		
GOCC_CYTOCHROME_COMPLEX	42	37		
GOCC_CYTOLYTIC_GRANULE	13		Rejected!	
GOCC_CYTOPLASMIC_DYNEIN_COMPLEX	23	21		
GOCC_CYTOPLASMIC_EXOSOME_RNASE_COMPLEX	15	15		
GOCC_CYTOPLASMIC_MICROTUBULE	106	95		
GOCC_CYTOPLASMIC_REGION	292	246		
GOCC_CYTOPLASMIC_SIDE_OF_ENDOPLASMIC_RETICULUM_MEMBRANE	16	15		
GOCC_CYTOPLASMIC_SIDE_OF_ENDOSOME_MEMBRANE	7		Rejected!	
GOCC_CYTOPLASMIC_SIDE_OF_LYSOSOMAL_MEMBRANE	14		Rejected!	
GOCC_CYTOPLASMIC_SIDE_OF_MEMBRANE	211	173		
GOCC_CYTOPLASMIC_SIDE_OF_PLASMA_MEMBRANE	173	140		
GOCC_CYTOPLASMIC_STRESS_GRANULE	89	83		
GOCC_CYTOPLASMIC_UBIQUITIN_LIGASE_COMPLEX	13		Rejected!	
GOCC_CYTOSKELETON_OF_PRESYNAPTIC_ACTIVE_ZONE	8		Rejected!	
GOCC_CYTOSOLIC_LARGE_RIBOSOMAL_SUBUNIT	60	58		
GOCC_CYTOSOLIC_REGION	20	16		
GOCC_CYTOSOLIC_RIBOSOME	118	114		
GOCC_CYTOSOLIC_SMALL_RIBOSOMAL_SUBUNIT	41	39		
GOCC_DEATH_INDUCING_SIGNALING_COMPLEX	9		Rejected!	
GOCC_DENDRITE_CYTOPLASM	27	22		
GOCC_DENDRITE_MEMBRANE	40	24		
GOCC_DENDRITE_TERMINUS	13		Rejected!	
GOCC_DENDRITIC_FILOPODIUM	5		Rejected!	
GOCC_DENDRITIC_GROWTH_CONE	9		Rejected!	
GOCC_DENDRITIC_SHAFT	41	29		
GOCC_DENDRITIC_SPINE_HEAD	7		Rejected!	
GOCC_DENDRITIC_SPINE_MEMBRANE	15		Rejected!	
GOCC_DENDRITIC_TREE	620	467		
GOCC_DENSE_BODY	5		Rejected!	
GOCC_DENSE_CORE_GRANULE	38	23		
GOCC_DENSE_CORE_GRANULE_MEMBRANE	7		Rejected!	
GOCC_DENTATE_GYRUS_MOSSY_FIBER	6		Rejected!	
GOCC_DERLIN_1_RETROTRANSLOCATION_COMPLEX	8		Rejected!	
GOCC_DESMOSOME	27	22		
GOCC_DEUTEROSOME	6		Rejected!	
GOCC_DIHYDROLIPOYL_DEHYDROGENASE_COMPLEX	9		Rejected!	
GOCC_DISTAL_AXON	276	207		
GOCC_DNA_POLYMERASE_COMPLEX	19	18		
GOCC_DNA_RECOMBINASE_MEDIATOR_COMPLEX	7		Rejected!	
GOCC_DNA_REPAIR_COMPLEX	22	22		
GOCC_DNA_REPLICATION_FACTOR_C_COMPLEX	5		Rejected!	
GOCC_DNA_REPLICATION_PREINITIATION_COMPLEX	13		Rejected!	
GOCC_DOPAMINERGIC_SYNAPSE	14		Rejected!	
GOCC_DYNACTIN_COMPLEX	8		Rejected!	
GOCC_DYNEIN_AXONEMAL_PARTICLE	20	19		
GOCC_DYNEIN_COMPLEX	54	48		
GOCC_DYSTROGLYCAN_COMPLEX	7		Rejected!	
GOCC_DYSTROPHIN_ASSOCIATED_GLYCOPROTEIN_COMPLEX	18		Rejected!	
GOCC_EARLY_ENDOSOME	434	369		
GOCC_EARLY_ENDOSOME_LUMEN	5		Rejected!	
GOCC_EARLY_ENDOSOME_MEMBRANE	196	169		
GOCC_EARLY_PHAGOSOME	13		Rejected!	
GOCC_EGG_COAT	5		Rejected!	
GOCC_EKC_KEOPS_COMPLEX	5		Rejected!	
GOCC_ELASTIC_FIBER	5		Rejected!	
GOCC_ELONGATOR_HOLOENZYME_COMPLEX	6		Rejected!	
GOCC_ELONGIN_COMPLEX	5		Rejected!	
GOCC_EMC_COMPLEX	10		Rejected!	
GOCC_ENDOCYTIC_VESICLE	348	274		
GOCC_ENDOCYTIC_VESICLE_LUMEN	23		Rejected!	
GOCC_ENDOCYTIC_VESICLE_MEMBRANE	202	152		
GOCC_ENDOLYSOSOME	29	26		
GOCC_ENDOLYSOSOME_LUMEN	5		Rejected!	
GOCC_ENDOLYSOSOME_MEMBRANE	20	18		
GOCC_ENDONUCLEASE_COMPLEX	39	38		
GOCC_ENDOPEPTIDASE_COMPLEX	84	75		
GOCC_ENDOPLASMIC_RETICULUM_CHAPERONE_COMPLEX	11		Rejected!	
GOCC_ENDOPLASMIC_RETICULUM_EXIT_SITE	34	27		
GOCC_ENDOPLASMIC_RETICULUM_GOLGI_INTERMEDIATE_COMPARTMENT	134	120		
GOCC_ENDOPLASMIC_RETICULUM_GOLGI_INTERMEDIATE_COMPARTMENT_MEMBRANE	81	72		
GOCC_ENDOPLASMIC_RETICULUM_LUMEN	312	235		
GOCC_ENDOPLASMIC_RETICULUM_PALMITOYLTRANSFERASE_COMPLEX	8		Rejected!	
GOCC_ENDOPLASMIC_RETICULUM_PLASMA_MEMBRANE_CONTACT_SITE	12		Rejected!	
GOCC_ENDOPLASMIC_RETICULUM_PROTEIN_CONTAINING_COMPLEX	126	118		
GOCC_ENDOPLASMIC_RETICULUM_QUALITY_CONTROL_COMPARTMENT	15		Rejected!	
GOCC_ENDOPLASMIC_RETICULUM_TUBULAR_NETWORK	27	27		
GOCC_ENDOPLASMIC_RETICULUM_TUBULAR_NETWORK_MEMBRANE	5		Rejected!	
GOCC_ENDOSOME	1054		Rejected!	
GOCC_ENDOSOME_LUMEN	40	28		
GOCC_ENDOSOME_MEMBRANE	561	490		
GOCC_ENVELOPE	1270		Rejected!	
GOCC_ENZYME_ACTIVATOR_COMPLEX	16	16		
GOCC_EPSILON_DNA_POLYMERASE_COMPLEX	5		Rejected!	
GOCC_EQUATORIAL_MICROTUBULE_ORGANIZING_CENTER	5		Rejected!	
GOCC_ER_MEMBRANE_INSERTION_COMPLEX	14		Rejected!	
GOCC_ER_TO_GOLGI_TRANSPORT_VESICLE_MEMBRANE	64	47		
GOCC_ER_UBIQUITIN_LIGASE_COMPLEX	9		Rejected!	
GOCC_ESCRT_COMPLEX	28	28		
GOCC_ESCRT_I_COMPLEX	11		Rejected!	
GOCC_ESC_E_Z_COMPLEX	10		Rejected!	
GOCC_EUCHROMATIN	60	50		
GOCC_EUKARYOTIC_48S_PREINITIATION_COMPLEX	17	17		
GOCC_EUKARYOTIC_TRANSLATION_INITIATION_FACTOR_2B_COMPLEX	5		Rejected!	
GOCC_EUKARYOTIC_TRANSLATION_INITIATION_FACTOR_2_COMPLEX	5		Rejected!	
GOCC_EUKARYOTIC_TRANSLATION_INITIATION_FACTOR_3_COMPLEX	15	15		
GOCC_EUKARYOTIC_TRANSLATION_INITIATION_FACTOR_3_COMPLEX_EIF3M	7		Rejected!	
GOCC_EUKARYOTIC_TRANSLATION_INITIATION_FACTOR_4F_COMPLEX	12		Rejected!	
GOCC_EXCITATORY_SYNAPSE	64	41		
GOCC_EXOCYST	14		Rejected!	
GOCC_EXOCYTIC_VESICLE	235	183		
GOCC_EXON_EXON_JUNCTION_COMPLEX	11		Rejected!	
GOCC_EXORIBONUCLEASE_COMPLEX	19	19		
GOCC_EXTERNAL_ENCAPSULATING_STRUCTURE	564	354		
GOCC_EXTERNAL_SIDE_OF_APICAL_PLASMA_MEMBRANE	6		Rejected!	
GOCC_EXTERNAL_SIDE_OF_PLASMA_MEMBRANE	387	232		
GOCC_EXTRINSIC_COMPONENT_OF_CYTOPLASMIC_SIDE_OF_PLASMA_MEMBRANE	71	55		
GOCC_EXTRINSIC_COMPONENT_OF_ENDOSOME_MEMBRANE	5		Rejected!	
GOCC_EXTRINSIC_COMPONENT_OF_MEMBRANE	207	160		
GOCC_EXTRINSIC_COMPONENT_OF_MITOCHONDRIAL_INNER_MEMBRANE	7		Rejected!	
GOCC_EXTRINSIC_COMPONENT_OF_ORGANELLE_MEMBRANE	28	25		
GOCC_EXTRINSIC_COMPONENT_OF_PLASMA_MEMBRANE	126	92		
GOCC_EXTRINSIC_COMPONENT_OF_POSTSYNAPTIC_MEMBRANE	8		Rejected!	
GOCC_EXTRINSIC_COMPONENT_OF_POSTSYNAPTIC_SPECIALIZATION_MEMBRANE	5		Rejected!	
GOCC_EXTRINSIC_COMPONENT_OF_PRESYNAPTIC_MEMBRANE	6		Rejected!	
GOCC_EXTRINSIC_COMPONENT_OF_SYNAPTIC_MEMBRANE	14		Rejected!	
GOCC_EXTRINSIC_COMPONENT_OF_SYNAPTIC_VESICLE_MEMBRANE	11		Rejected!	
GOCC_FACIT_COLLAGEN_TRIMER	6		Rejected!	
GOCC_FANCONI_ANAEMIA_NUCLEAR_COMPLEX	13		Rejected!	
GOCC_FASCIA_ADHERENS	8		Rejected!	
GOCC_FC_RECEPTOR_COMPLEX	5		Rejected!	
GOCC_FEMALE_GERM_CELL_NUCLEUS	17		Rejected!	
GOCC_FEMALE_PRONUCLEUS	10		Rejected!	
GOCC_FHF_COMPLEX	5		Rejected!	
GOCC_FIBRILLAR_CENTER	150	140		
GOCC_FIBRILLAR_COLLAGEN_TRIMER	12		Rejected!	
GOCC_FIBRINOGEN_COMPLEX	8		Rejected!	
GOCC_FICOLIN_1_RICH_GRANULE	185	163		
GOCC_FICOLIN_1_RICH_GRANULE_LUMEN	124	115		
GOCC_FICOLIN_1_RICH_GRANULE_MEMBRANE	61	48		
GOCC_FILAMENTOUS_ACTIN	28	24		
GOCC_FILOPODIUM	108	90		
GOCC_FILOPODIUM_MEMBRANE	18	15		
GOCC_FILOPODIUM_TIP	19	17		
GOCC_FILTRATION_DIAPHRAGM	8		Rejected!	
GOCC_FLEMMING_BODY	35	35		
GOCC_FLOTILLIN_COMPLEX	9		Rejected!	
GOCC_F_ACTIN_CAPPING_PROTEIN_COMPLEX	8		Rejected!	
GOCC_GABA_ERGIC_SYNAPSE	79	37		
GOCC_GABA_RECEPTOR_COMPLEX	21		Rejected!	
GOCC_GAMMA_DELTA_T_CELL_RECEPTOR_COMPLEX	6		Rejected!	
GOCC_GAMMA_SECRETASE_COMPLEX	7		Rejected!	
GOCC_GAMMA_TUBULIN_COMPLEX	16	15		
GOCC_GAMMA_TUBULIN_RING_COMPLEX	7		Rejected!	
GOCC_GAP_JUNCTION	32	20		
GOCC_GATOR2_COMPLEX	5		Rejected!	
GOCC_GBAF_COMPLEX	14		Rejected!	
GOCC_GEMINI_OF_COILED_BODIES	12		Rejected!	
GOCC_GERM_CELL_NUCLEUS	68	52		
GOCC_GID_COMPLEX	5		Rejected!	
GOCC_GINS_COMPLEX	5		Rejected!	
GOCC_GLIAL_CELL_PROJECTION	37	23		
GOCC_GLUTAMATERGIC_SYNAPSE	408	304		
GOCC_GLYCINERGIC_SYNAPSE	8		Rejected!	
GOCC_GLYCOGEN_GRANULE	7		Rejected!	
GOCC_GLYCOPROTEIN_COMPLEX	23	15		
GOCC_GLYCOPROTEIN_IB_IX_V_COMPLEX	5		Rejected!	
GOCC_GLYCOSYLPHOSPHATIDYLINOSITOL_N_ACETYLGLUCOSAMINYLTRANSFERASE_GPI_GNT_COMPLEX	7		Rejected!	
GOCC_GOLGI_APPARATUS	1634		Rejected!	
GOCC_GOLGI_APPARATUS_SUBCOMPARTMENT	384	329		
GOCC_GOLGI_ASSOCIATED_VESICLE	94	82		
GOCC_GOLGI_ASSOCIATED_VESICLE_MEMBRANE	57	50		
GOCC_GOLGI_CISTERNA	118	98		
GOCC_GOLGI_CISTERNA_MEMBRANE	93	73		
GOCC_GOLGI_CIS_CISTERNA	31	18		
GOCC_GOLGI_LUMEN	105	64		
GOCC_GOLGI_MEDIAL_CISTERNA	12		Rejected!	
GOCC_GOLGI_MEMBRANE	672		Rejected!	
GOCC_GOLGI_STACK	151	128		
GOCC_GOLGI_TRANSPORT_COMPLEX	9		Rejected!	
GOCC_GOLGI_TRANS_CISTERNA	10		Rejected!	
GOCC_GPI_ANCHOR_TRANSAMIDASE_COMPLEX	5		Rejected!	
GOCC_GRANULAR_COMPONENT	7		Rejected!	
GOCC_GROWTH_CONE_MEMBRANE	8		Rejected!	
GOCC_GROWTH_FACTOR_COMPLEX	8		Rejected!	
GOCC_GTPASE_ACTIVATOR_COMPLEX	11		Rejected!	
GOCC_GTPASE_COMPLEX	41	32		
GOCC_GUANYL_NUCLEOTIDE_EXCHANGE_FACTOR_COMPLEX	17	16		
GOCC_G_PROTEIN_COUPLED_RECEPTOR_COMPLEX	11		Rejected!	
GOCC_G_PROTEIN_COUPLED_RECEPTOR_DIMERIC_COMPLEX	7		Rejected!	
GOCC_H3_HISTONE_ACETYLTRANSFERASE_COMPLEX	8		Rejected!	
GOCC_H4_H2A_HISTONE_ACETYLTRANSFERASE_COMPLEX	31	28		
GOCC_H4_HISTONE_ACETYLTRANSFERASE_COMPLEX	45	42		
GOCC_HAPTOGLOBIN_HEMOGLOBIN_COMPLEX	11		Rejected!	
GOCC_HAUS_COMPLEX	8		Rejected!	
GOCC_HEMIDESMOSOME	8		Rejected!	
GOCC_HEMOGLOBIN_COMPLEX	12		Rejected!	
GOCC_HETEROCHROMATIN	79	76		
GOCC_HFE_TRANSFERRIN_RECEPTOR_COMPLEX	8		Rejected!	
GOCC_HIGH_DENSITY_LIPOPROTEIN_PARTICLE	26	20		
GOCC_HIPPOCAMPAL_MOSSY_FIBER	5		Rejected!	
GOCC_HIPPOCAMPAL_MOSSY_FIBER_TO_CA3_SYNAPSE	42	29		
GOCC_HISTONE_DEACETYLASE_COMPLEX	82	82		
GOCC_HISTONE_METHYLTRANSFERASE_COMPLEX	63	61		
GOCC_HISTONE_PRE_MRNA_3_END_PROCESSING_COMPLEX	6		Rejected!	
GOCC_HOPS_COMPLEX	9		Rejected!	
GOCC_HOST_CELLULAR_COMPONENT	9		Rejected!	
GOCC_HRD1P_UBIQUITIN_LIGASE_ERAD_L_COMPLEX	6		Rejected!	
GOCC_IGA_IMMUNOGLOBULIN_COMPLEX	10		Rejected!	
GOCC_IGA_IMMUNOGLOBULIN_COMPLEX_CIRCULATING	5		Rejected!	
GOCC_IGD_IMMUNOGLOBULIN_COMPLEX	6		Rejected!	
GOCC_IGE_IMMUNOGLOBULIN_COMPLEX	6		Rejected!	
GOCC_IGG_IMMUNOGLOBULIN_COMPLEX	13		Rejected!	
GOCC_IGM_IMMUNOGLOBULIN_COMPLEX	8		Rejected!	
GOCC_IKAPPAB_KINASE_COMPLEX	7		Rejected!	
GOCC_IMMUNOGLOBULIN_COMPLEX	155		Rejected!	
GOCC_IMMUNOGLOBULIN_COMPLEX_CIRCULATING	12		Rejected!	
GOCC_IMMUNOLOGICAL_SYNAPSE	45	36		
GOCC_INCLUSION_BODY	71	61		
GOCC_INHIBITORY_SYNAPSE	17		Rejected!	
GOCC_INNER_ACROSOMAL_MEMBRANE	5		Rejected!	
GOCC_INNER_DYNEIN_ARM	5		Rejected!	
GOCC_INNER_KINETOCHORE	19	18		
GOCC_INNER_MITOCHONDRIAL_MEMBRANE_PROTEIN_COMPLEX	158	153		
GOCC_INO80_COMPLEX	15	15		
GOCC_INO80_TYPE_COMPLEX	26	26		
GOCC_INSULIN_LIKE_GROWTH_FACTOR_BINDING_PROTEIN_COMPLEX	5		Rejected!	
GOCC_INSULIN_RESPONSIVE_COMPARTMENT	7		Rejected!	
GOCC_INTEGRATOR_COMPLEX	19	16		
GOCC_INTEGRIN_COMPLEX	31	27		
GOCC_INTERCALATED_DISC	50	40		
GOCC_INTERCELLULAR_BRIDGE	92	79		
GOCC_INTERCELLULAR_CANALICULUS	6		Rejected!	
GOCC_INTERMEDIATE_FILAMENT_CYTOSKELETON	250	109		
GOCC_INTERPHOTORECEPTOR_MATRIX	6		Rejected!	
GOCC_INTERSTITIAL_MATRIX	11		Rejected!	
GOCC_INTRACELLULAR_CYCLIC_NUCLEOTIDE_ACTIVATED_CATION_CHANNEL_COMPLEX	6		Rejected!	
GOCC_INTRACELLULAR_PROTEIN_CONTAINING_COMPLEX	914		Rejected!	
GOCC_INTRACILIARY_TRANSPORT_PARTICLE	25	25		
GOCC_INTRACILIARY_TRANSPORT_PARTICLE_A	8		Rejected!	
GOCC_INTRACILIARY_TRANSPORT_PARTICLE_B	18	18		
GOCC_IRON_SULFUR_CLUSTER_ASSEMBLY_COMPLEX	12		Rejected!	
GOCC_ISWI_TYPE_COMPLEX	14		Rejected!	
GOCC_I_BAND	146	125		
GOCC_JUNCTIONAL_MEMBRANE_COMPLEX	6		Rejected!	
GOCC_JUNCTIONAL_SARCOPLASMIC_RETICULUM_MEMBRANE	9		Rejected!	
GOCC_JUXTAPARANODE_REGION_OF_AXON	12		Rejected!	
GOCC_KAINATE_SELECTIVE_GLUTAMATE_RECEPTOR_COMPLEX	5		Rejected!	
GOCC_KATANIN_COMPLEX	5		Rejected!	
GOCC_KERATIN_FILAMENT	97	26		
GOCC_KINESIN_COMPLEX	47	43		
GOCC_KINETOCHORE_MICROTUBULE	21	21		
GOCC_KINOCILIUM	11		Rejected!	
GOCC_KNL1_SPC105_COMPLEX	6		Rejected!	
GOCC_LAMELLAR_BODY	17		Rejected!	
GOCC_LAMELLIPODIUM	201	183		
GOCC_LAMELLIPODIUM_MEMBRANE	22	19		
GOCC_LAMININ_COMPLEX	9		Rejected!	
GOCC_LAMIN_FILAMENT	5		Rejected!	
GOCC_LARGE_RIBOSOMAL_SUBUNIT	117	115		
GOCC_LATERAL_ELEMENT	14		Rejected!	
GOCC_LATERAL_PART_OF_CELL	5		Rejected!	
GOCC_LATERAL_PLASMA_MEMBRANE	67	58		
GOCC_LATE_ENDOSOME	315	268		
GOCC_LATE_ENDOSOME_LUMEN	9		Rejected!	
GOCC_LATE_ENDOSOME_MEMBRANE	175	151		
GOCC_LEADING_EDGE_MEMBRANE	180	151		
GOCC_LEWY_BODY	8		Rejected!	
GOCC_LIPID_DROPLET	104	92		
GOCC_LIPOPOLYSACCHARIDE_RECEPTOR_COMPLEX	5		Rejected!	
GOCC_LOW_DENSITY_LIPOPROTEIN_PARTICLE	13		Rejected!	
GOCC_LSM1_7_PAT1_COMPLEX	5		Rejected!	
GOCC_LSM2_8_COMPLEX	7		Rejected!	
GOCC_LUMENAL_SIDE_OF_ENDOPLASMIC_RETICULUM_MEMBRANE	29	16		
GOCC_LUMENAL_SIDE_OF_MEMBRANE	38	24		
GOCC_LYSOSOMAL_LUMEN	98	73		
GOCC_L_TYPE_VOLTAGE_GATED_CALCIUM_CHANNEL_COMPLEX	12		Rejected!	
GOCC_MAIN_AXON	67	47		
GOCC_MALE_GERM_CELL_NUCLEUS	52	41		
GOCC_MALE_PRONUCLEUS	8		Rejected!	
GOCC_MANCHETTE	20	18		
GOCC_MANNOSYLTRANSFERASE_COMPLEX	5		Rejected!	
GOCC_MATRIX_SIDE_OF_MITOCHONDRIAL_INNER_MEMBRANE	6		Rejected!	
GOCC_MCM_COMPLEX	8		Rejected!	
GOCC_MCRD_MEDIATED_MRNA_STABILITY_COMPLEX	5		Rejected!	
GOCC_MEDIATOR_COMPLEX	37	37		
GOCC_MEIOTIC_COHESIN_COMPLEX	7		Rejected!	
GOCC_MEIOTIC_SPINDLE	15		Rejected!	
GOCC_MEMBRANE_ATTACK_COMPLEX	7		Rejected!	
GOCC_MEMBRANE_COAT	94	88		
GOCC_MEMBRANE_MICRODOMAIN	289	223		
GOCC_MEMBRANE_PROTEIN_COMPLEX	1344		Rejected!	
GOCC_MESSENGER_RIBONUCLEOPROTEIN_COMPLEX	13		Rejected!	
GOCC_METHYLOSOME	13		Rejected!	
GOCC_METHYLTRANSFERASE_COMPLEX	96	94		
GOCC_MHC_CLASS_II_PROTEIN_COMPLEX	17		Rejected!	
GOCC_MHC_CLASS_I_PEPTIDE_LOADING_COMPLEX	8		Rejected!	
GOCC_MHC_CLASS_I_PROTEIN_COMPLEX	10		Rejected!	
GOCC_MHC_PROTEIN_COMPLEX	26		Rejected!	
GOCC_MIB_COMPLEX	13		Rejected!	
GOCC_MICOS_COMPLEX	8		Rejected!	
GOCC_MICROBODY	146	127		
GOCC_MICROBODY_LUMEN	51	42		
GOCC_MICROBODY_MEMBRANE	65	59		
GOCC_MICROFIBRIL	13		Rejected!	
GOCC_MICROTUBULE	467	414		
GOCC_MICROTUBULE_ASSOCIATED_COMPLEX	156	140		
GOCC_MICROTUBULE_BUNDLE	6		Rejected!	
GOCC_MICROTUBULE_CYTOSKELETON	1379		Rejected!	
GOCC_MICROTUBULE_END	34	33		
GOCC_MICROTUBULE_MINUS_END	7		Rejected!	
GOCC_MICROTUBULE_ORGANIZING_CENTER	848		Rejected!	
GOCC_MICROTUBULE_ORGANIZING_CENTER_ATTACHMENT_SITE	11		Rejected!	
GOCC_MICROTUBULE_PLUS_END	24	24		
GOCC_MICROVESICLE	6		Rejected!	
GOCC_MICROVILLUS	97	73		
GOCC_MICROVILLUS_MEMBRANE	33	26		
GOCC_MIDBODY	204	196		
GOCC_MISMATCH_REPAIR_COMPLEX	11		Rejected!	
GOCC_MITOCHONDRIAL_ALPHA_KETOGLUTARATE_DEHYDROGENASE_COMPLEX	6		Rejected!	
GOCC_MITOCHONDRIAL_CRISTA	8		Rejected!	
GOCC_MITOCHONDRIAL_ENVELOPE	804		Rejected!	
GOCC_MITOCHONDRIAL_INTERMEMBRANE_SPACE_PROTEIN_TRANSPORTER_COMPLEX	6		Rejected!	
GOCC_MITOCHONDRIAL_LARGE_RIBOSOMAL_SUBUNIT	56	56		
GOCC_MITOCHONDRIAL_MATRIX	487	454		
GOCC_MITOCHONDRIAL_PERMEABILITY_TRANSITION_PORE_COMPLEX	7		Rejected!	
GOCC_MITOCHONDRIAL_PROTEIN_CONTAINING_COMPLEX	300	292		
GOCC_MITOCHONDRIAL_PROTON_TRANSPORTING_ATP_SYNTHASE_COMPLEX_COUPLING_FACTOR_F_O	11		Rejected!	
GOCC_MITOCHONDRIAL_PYRUVATE_DEHYDROGENASE_COMPLEX	8		Rejected!	
GOCC_MITOCHONDRIAL_RESPIRATORY_CHAIN_COMPLEX_III	14		Rejected!	
GOCC_MITOCHONDRIAL_SMALL_RIBOSOMAL_SUBUNIT	32	31		
GOCC_MITOCHONDRIAL_TRICARBOXYLIC_ACID_CYCLE_ENZYME_COMPLEX	11		Rejected!	
GOCC_MITOCHONDRIA_ASSOCIATED_ENDOPLASMIC_RETICULUM_MEMBRANE	21	18		
GOCC_MITOCHONDRION	1665		Rejected!	
GOCC_MITOTIC_COHESIN_COMPLEX	6		Rejected!	
GOCC_MITOTIC_SPINDLE	184	173		
GOCC_MITOTIC_SPINDLE_ASTRAL_MICROTUBULE	8		Rejected!	
GOCC_MITOTIC_SPINDLE_MICROTUBULE	14		Rejected!	
GOCC_MITOTIC_SPINDLE_MIDZONE	14		Rejected!	
GOCC_MITOTIC_SPINDLE_POLE	38	37		
GOCC_MKS_COMPLEX	13		Rejected!	
GOCC_MLL1_2_COMPLEX	32	32		
GOCC_MLL3_4_COMPLEX	12		Rejected!	
GOCC_MMXD_COMPLEX	5		Rejected!	
GOCC_MON1_CCZ1_COMPLEX	5		Rejected!	
GOCC_MONOATOMIC_ION_CHANNEL_COMPLEX	300	185		
GOCC_MOTILE_CILIUM	272	200		
GOCC_MPP7_DLG1_LIN7_COMPLEX	5		Rejected!	
GOCC_MRNA_CAP_BINDING_COMPLEX	13		Rejected!	
GOCC_MRNA_CLEAVAGE_AND_POLYADENYLATION_SPECIFICITY_FACTOR_COMPLEX	21	15		
GOCC_MRNA_CLEAVAGE_FACTOR_COMPLEX	26	20		
GOCC_MRNA_EDITING_COMPLEX	15		Rejected!	
GOCC_MSL_COMPLEX	6		Rejected!	
GOCC_MULTIMERIC_RIBONUCLEASE_P_COMPLEX	10		Rejected!	
GOCC_MULTIVESICULAR_BODY	68	51		
GOCC_MULTIVESICULAR_BODY_INTERNAL_VESICLE	6		Rejected!	
GOCC_MULTIVESICULAR_BODY_LUMEN	7		Rejected!	
GOCC_MULTIVESICULAR_BODY_MEMBRANE	29	26		
GOCC_MULTI_PASS_TRANSLOCON_COMPLEX	9		Rejected!	
GOCC_MUSCLE_MYOSIN_COMPLEX	15		Rejected!	
GOCC_MYELIN_SHEATH	46	37		
GOCC_MYELIN_SHEATH_ABAXONAL_REGION	6		Rejected!	
GOCC_MYELIN_SHEATH_ADAXONAL_REGION	6		Rejected!	
GOCC_MYOFILAMENT	26	24		
GOCC_MYOSIN_COMPLEX	56	43		
GOCC_MYOSIN_FILAMENT	24		Rejected!	
GOCC_MYOSIN_II_COMPLEX	26	17		
GOCC_M_BAND	22	16		
GOCC_NADH_DEHYDROGENASE_COMPLEX	49	49		
GOCC_NADPH_OXIDASE_COMPLEX	18		Rejected!	
GOCC_NASCENT_POLYPEPTIDE_ASSOCIATED_COMPLEX	5		Rejected!	
GOCC_NATA_COMPLEX	5		Rejected!	
GOCC_NBAF_COMPLEX	16	15		
GOCC_NETWORK_FORMING_COLLAGEN_TRIMER	8		Rejected!	
GOCC_NEUROFIBRILLARY_TANGLE	5		Rejected!	
GOCC_NEUROFILAMENT	9		Rejected!	
GOCC_NEUROMUSCULAR_JUNCTION	76	64		
GOCC_NEURONAL_DENSE_CORE_VESICLE	25		Rejected!	
GOCC_NEURONAL_DENSE_CORE_VESICLE_MEMBRANE	5		Rejected!	
GOCC_NEURONAL_RIBONUCLEOPROTEIN_GRANULE	5		Rejected!	
GOCC_NEURON_PROJECTION	1321		Rejected!	
GOCC_NEURON_PROJECTION_CYTOPLASM	88	78		
GOCC_NEURON_PROJECTION_MEMBRANE	60	40		
GOCC_NEURON_PROJECTION_TERMINUS	129	82		
GOCC_NEURON_SPINE	176	137		
GOCC_NEURON_TO_NEURON_SYNAPSE	362	277		
GOCC_NEUROTRANSMITTER_RECEPTOR_COMPLEX	46	23		
GOCC_NLRP3_INFLAMMASOME_COMPLEX	8		Rejected!	
GOCC_NLS_DEPENDENT_PROTEIN_NUCLEAR_IMPORT_COMPLEX	10		Rejected!	
GOCC_NMDA_SELECTIVE_GLUTAMATE_RECEPTOR_COMPLEX	9		Rejected!	
GOCC_NODE_OF_RANVIER	16		Rejected!	
GOCC_NONHOMOLOGOUS_END_JOINING_COMPLEX	9		Rejected!	
GOCC_NON_MOTILE_CILIUM	168	120		
GOCC_NPBAF_COMPLEX	14		Rejected!	
GOCC_NSL_COMPLEX	11		Rejected!	
GOCC_NUCLEAR_BODY	859		Rejected!	
GOCC_NUCLEAR_CHROMOSOME	229	209		
GOCC_NUCLEAR_CYCLIN_DEPENDENT_PROTEIN_KINASE_HOLOENZYME_COMPLEX	15	15		
GOCC_NUCLEAR_ENVELOPE	494	448		
GOCC_NUCLEAR_ENVELOPE_LUMEN	10		Rejected!	
GOCC_NUCLEAR_EXOSOME_RNASE_COMPLEX	12		Rejected!	
GOCC_NUCLEAR_INCLUSION_BODY	12		Rejected!	
GOCC_NUCLEAR_INNER_MEMBRANE	57	49		
GOCC_NUCLEAR_LAMINA	12		Rejected!	
GOCC_NUCLEAR_MEMBRANE	311	280		
GOCC_NUCLEAR_OUTER_MEMBRANE	31	25		
GOCC_NUCLEAR_OUTER_MEMBRANE_ENDOPLASMIC_RETICULUM_MEMBRANE_NETWORK	1212		Rejected!	
GOCC_NUCLEAR_PERIPHERY	150	144		
GOCC_NUCLEAR_PORE	97	95		
GOCC_NUCLEAR_PORE_CENTRAL_TRANSPORT_CHANNEL	6		Rejected!	
GOCC_NUCLEAR_PORE_NUCLEAR_BASKET	12		Rejected!	
GOCC_NUCLEAR_PORE_OUTER_RING	9		Rejected!	
GOCC_NUCLEAR_PROTEIN_CONTAINING_COMPLEX	1257		Rejected!	
GOCC_NUCLEAR_REPLICATION_FORK	34	33		
GOCC_NUCLEAR_RNA_EXPORT_FACTOR_COMPLEX	7		Rejected!	
GOCC_NUCLEAR_SPECK	417	389		
GOCC_NUCLEAR_STRESS_GRANULE	6		Rejected!	
GOCC_NUCLEAR_UBIQUITIN_LIGASE_COMPLEX	44	43		
GOCC_NUCLEOCYTOPLASMIC_TRANSPORT_COMPLEX	12		Rejected!	
GOCC_NUCLEOID	45	44		
GOCC_NUCLEOLAR_EXOSOME_RNASE_COMPLEX	10		Rejected!	
GOCC_NUCLEOLAR_RIBONUCLEASE_P_COMPLEX	7		Rejected!	
GOCC_NUCLEOLUS	1474		Rejected!	
GOCC_NUCLEOSOME	134	94		
GOCC_NUCLEOTIDE_ACTIVATED_PROTEIN_KINASE_COMPLEX	15		Rejected!	
GOCC_NUCLEOTIDE_EXCISION_REPAIR_COMPLEX	11		Rejected!	
GOCC_NURD_COMPLEX	16	16		
GOCC_NURF_COMPLEX	7		Rejected!	
GOCC_N_TERMINAL_PROTEIN_ACETYLTRANSFERASE_COMPLEX	10		Rejected!	
GOCC_OLIGOSACCHARYLTRANSFERASE_COMPLEX	14		Rejected!	
GOCC_OMEGASOME	5		Rejected!	
GOCC_ORGANELLAR_RIBOSOME	89	88		
GOCC_ORGANELLE_ENVELOPE_LUMEN	89	84		
GOCC_ORGANELLE_INNER_MEMBRANE	553		Rejected!	
GOCC_ORGANELLE_MEMBRANE_CONTACT_SITE	50	46		
GOCC_ORGANELLE_SUBCOMPARTMENT	1513		Rejected!	
GOCC_ORIGIN_RECOGNITION_COMPLEX	9		Rejected!	
GOCC_OTHER_ORGANISM_PART	5		Rejected!	
GOCC_OUTER_DENSE_FIBER	5		Rejected!	
GOCC_OUTER_DYNEIN_ARM	11		Rejected!	
GOCC_OUTER_KINETOCHORE	20	20		
GOCC_OUTER_MEMBRANE	248	218		
GOCC_OUTER_MITOCHONDRIAL_MEMBRANE_PROTEIN_COMPLEX	23	23		
GOCC_OXIDOREDUCTASE_COMPLEX	128	119		
GOCC_OXOGLUTARATE_DEHYDROGENASE_COMPLEX	5		Rejected!	
GOCC_PALMITOYLTRANSFERASE_COMPLEX	11		Rejected!	
GOCC_PAM_COMPLEX_TIM23_ASSOCIATED_IMPORT_MOTOR	5		Rejected!	
GOCC_PARALLEL_FIBER_TO_PURKINJE_CELL_SYNAPSE	19		Rejected!	
GOCC_PARANODAL_JUNCTION	8		Rejected!	
GOCC_PARANODE_REGION_OF_AXON	12		Rejected!	
GOCC_PARASPECKLES	8		Rejected!	
GOCC_PAR_POLARITY_COMPLEX	6		Rejected!	
GOCC_PCG_PROTEIN_COMPLEX	38	36		
GOCC_PEPTIDASE_COMPLEX	120	107		
GOCC_PEPTIDASE_INHIBITOR_COMPLEX	11		Rejected!	
GOCC_PERICENTRIC_HETEROCHROMATIN	30	29		
GOCC_PERICENTRIOLAR_MATERIAL	22	22		
GOCC_PERICHROMATIN_FIBRILS	5		Rejected!	
GOCC_PERICILIARY_MEMBRANE_COMPARTMENT	6		Rejected!	
GOCC_PERIKARYON	149	110		
GOCC_PERINEURONAL_NET	10		Rejected!	
GOCC_PERINUCLEAR_ENDOPLASMIC_RETICULUM	21	16		
GOCC_PERINUCLEAR_REGION_OF_CYTOPLASM	736		Rejected!	
GOCC_PERINUCLEAR_THECA	5		Rejected!	
GOCC_PERINUCLEOLAR_COMPARTMENT	5		Rejected!	
GOCC_PHAGOCYTIC_CUP	28	24		
GOCC_PHAGOCYTIC_VESICLE	142	127		
GOCC_PHAGOCYTIC_VESICLE_LUMEN	5		Rejected!	
GOCC_PHAGOCYTIC_VESICLE_MEMBRANE	80	72		
GOCC_PHAGOLYSOSOME	6		Rejected!	
GOCC_PHAGOPHORE_ASSEMBLY_SITE	38	37		
GOCC_PHAGOPHORE_ASSEMBLY_SITE_MEMBRANE	21	21		
GOCC_PHOSPHATASE_COMPLEX	54	49		
GOCC_PHOSPHATIDYLINOSITOL_3_KINASE_COMPLEX	29	25		
GOCC_PHOSPHATIDYLINOSITOL_3_KINASE_COMPLEX_CLASS_I	9		Rejected!	
GOCC_PHOSPHATIDYLINOSITOL_3_KINASE_COMPLEX_CLASS_III	7		Rejected!	
GOCC_PHOSPHOLIPID_TRANSLOCATING_ATPASE_COMPLEX	14		Rejected!	
GOCC_PHOSPHORYLASE_KINASE_COMPLEX	5		Rejected!	
GOCC_PHOTORECEPTOR_CONNECTING_CILIUM	41	36		
GOCC_PHOTORECEPTOR_DISC_MEMBRANE	25		Rejected!	
GOCC_PHOTORECEPTOR_INNER_SEGMENT	71	45		
GOCC_PHOTORECEPTOR_OUTER_SEGMENT	95	62		
GOCC_PHOTORECEPTOR_OUTER_SEGMENT_MEMBRANE	16		Rejected!	
GOCC_PHOTORECEPTOR_RIBBON_SYNAPSE	10		Rejected!	
GOCC_PICLN_SM_PROTEIN_COMPLEX	6		Rejected!	
GOCC_PIGMENT_GRANULE	112	102		
GOCC_PINOSOME	7		Rejected!	
GOCC_PIP_BODY	5		Rejected!	
GOCC_PI_BODY	10		Rejected!	
GOCC_PLASMA_MEMBRANE_PROTEIN_COMPLEX	715	392		
GOCC_PLASMA_MEMBRANE_RAFT	113	82		
GOCC_PLASMA_MEMBRANE_REGION	1307		Rejected!	
GOCC_PLASMA_MEMBRANE_SIGNALING_RECEPTOR_COMPLEX	314	127		
GOCC_PLATELET_ALPHA_GRANULE	91	61		
GOCC_PLATELET_ALPHA_GRANULE_LUMEN	67	43		
GOCC_PLATELET_ALPHA_GRANULE_MEMBRANE	17		Rejected!	
GOCC_PLATELET_DENSE_GRANULE	21	16		
GOCC_PLATELET_DENSE_GRANULE_LUMEN	14		Rejected!	
GOCC_PLATELET_DENSE_GRANULE_MEMBRANE	6		Rejected!	
GOCC_PLATELET_DENSE_TUBULAR_NETWORK	11		Rejected!	
GOCC_PLATELET_DENSE_TUBULAR_NETWORK_MEMBRANE	9		Rejected!	
GOCC_PML_BODY	110	106		
GOCC_PODOSOME	31	30		
GOCC_POLAR_MICROTUBULE	5		Rejected!	
GOCC_POLE_PLASM	27	17		
GOCC_POLYMERIC_CYTOSKELETAL_FIBER	791		Rejected!	
GOCC_POLYSOMAL_RIBOSOME	31	29		
GOCC_POLYSOME	67	63		
GOCC_PORE_COMPLEX	26	20		
GOCC_POSTSYNAPSE	648	483		
GOCC_POSTSYNAPTIC_ACTIN_CYTOSKELETON	5		Rejected!	
GOCC_POSTSYNAPTIC_CYTOSKELETON	10		Rejected!	
GOCC_POSTSYNAPTIC_CYTOSOL	13		Rejected!	
GOCC_POSTSYNAPTIC_DENSITY_INTRACELLULAR_COMPONENT	14		Rejected!	
GOCC_POSTSYNAPTIC_DENSITY_MEMBRANE	99	60		
GOCC_POSTSYNAPTIC_ENDOCYTIC_ZONE	5		Rejected!	
GOCC_POSTSYNAPTIC_ENDOSOME	14		Rejected!	
GOCC_POSTSYNAPTIC_MEMBRANE	275	171		
GOCC_POSTSYNAPTIC_RECYCLING_ENDOSOME	8		Rejected!	
GOCC_POSTSYNAPTIC_SPECIALIZATION	346	261		
GOCC_POSTSYNAPTIC_SPECIALIZATION_INTRACELLULAR_COMPONENT	18	15		
GOCC_POSTSYNAPTIC_SPECIALIZATION_MEMBRANE	122	71		
GOCC_POST_MRNA_RELEASE_SPLICEOSOMAL_COMPLEX	10		Rejected!	
GOCC_POTASSIUM_CHANNEL_COMPLEX	90	49		
GOCC_PRC1_COMPLEX	16	15		
GOCC_PRECATALYTIC_SPLICEOSOME	53	52		
GOCC_PREFOLDIN_COMPLEX	7		Rejected!	
GOCC_PRERIBOSOME	109	108		
GOCC_PRERIBOSOME_LARGE_SUBUNIT_PRECURSOR	19	19		
GOCC_PRERIBOSOME_SMALL_SUBUNIT_PRECURSOR	15	15		
GOCC_PRESPLICEOSOME	17	16		
GOCC_PRESYNAPSE	564	417		
GOCC_PRESYNAPTIC_ACTIVE_ZONE	77	56		
GOCC_PRESYNAPTIC_ACTIVE_ZONE_CYTOPLASMIC_COMPONENT	18		Rejected!	
GOCC_PRESYNAPTIC_ACTIVE_ZONE_MEMBRANE	30	19		
GOCC_PRESYNAPTIC_CYTOSKELETON	11		Rejected!	
GOCC_PRESYNAPTIC_CYTOSOL	13		Rejected!	
GOCC_PRESYNAPTIC_ENDOCYTIC_ZONE	9		Rejected!	
GOCC_PRESYNAPTIC_MEMBRANE	165	103		
GOCC_PRE_SNORNP_COMPLEX	7		Rejected!	
GOCC_PROCENTRIOLE_REPLICATION_COMPLEX	6		Rejected!	
GOCC_PRONUCLEUS	14		Rejected!	
GOCC_PROTEASE_INHIBITOR_COMPLEX	8		Rejected!	
GOCC_PROTEASOME_ACCESSORY_COMPLEX	23	23		
GOCC_PROTEASOME_COMPLEX	60	56		
GOCC_PROTEASOME_CORE_COMPLEX	20	17		
GOCC_PROTEASOME_CORE_COMPLEX_ALPHA_SUBUNIT_COMPLEX	8		Rejected!	
GOCC_PROTEASOME_CORE_COMPLEX_BETA_SUBUNIT_COMPLEX	11		Rejected!	
GOCC_PROTEASOME_REGULATORY_PARTICLE	19	19		
GOCC_PROTEASOME_REGULATORY_PARTICLE_BASE_SUBCOMPLEX	9		Rejected!	
GOCC_PROTEASOME_REGULATORY_PARTICLE_LID_SUBCOMPLEX	7		Rejected!	
GOCC_PROTEIN_COMPLEX_INVOLVED_IN_CELL_ADHESION	57	47		
GOCC_PROTEIN_COMPLEX_INVOLVED_IN_CELL_CELL_ADHESION	5		Rejected!	
GOCC_PROTEIN_COMPLEX_INVOLVED_IN_CELL_MATRIX_ADHESION	17	15		
GOCC_PROTEIN_DNA_COMPLEX	1435		Rejected!	
GOCC_PROTEIN_FOLDING_CHAPERONE_COMPLEX	42	40		
GOCC_PROTEIN_KINASE_COMPLEX	148	137		
GOCC_PROTEIN_LIPID_COMPLEX	39	29		
GOCC_PROTEIN_PHOSPHATASE_4_COMPLEX	6		Rejected!	
GOCC_PROTEIN_PHOSPHATASE_TYPE_1_COMPLEX	19	17		
GOCC_PROTEIN_PHOSPHATASE_TYPE_2A_COMPLEX	17	16		
GOCC_PROTON_TRANSPORTING_ATP_SYNTHASE_COMPLEX	22	21		
GOCC_PROTON_TRANSPORTING_ATP_SYNTHASE_COMPLEX_CATALYTIC_CORE_F_1	7		Rejected!	
GOCC_PROTON_TRANSPORTING_ATP_SYNTHASE_COMPLEX_COUPLING_FACTOR_F_O	14		Rejected!	
GOCC_PROTON_TRANSPORTING_TWO_SECTOR_ATPASE_COMPLEX	50	47		
GOCC_PROTON_TRANSPORTING_TWO_SECTOR_ATPASE_COMPLEX_CATALYTIC_DOMAIN	19	18		
GOCC_PROTON_TRANSPORTING_TWO_SECTOR_ATPASE_COMPLEX_PROTON_TRANSPORTING_DOMAIN	26	25		
GOCC_PROTON_TRANSPORTING_V_TYPE_ATPASE_COMPLEX	27	25		
GOCC_PROTON_TRANSPORTING_V_TYPE_ATPASE_V0_DOMAIN	12		Rejected!	
GOCC_PROTON_TRANSPORTING_V_TYPE_ATPASE_V1_DOMAIN	11		Rejected!	
GOCC_PROXIMAL_DENDRITE	6		Rejected!	
GOCC_PRP19_COMPLEX	12		Rejected!	
GOCC_PSEUDOPODIUM	18	17		
GOCC_PTW_PP1_PHOSPHATASE_COMPLEX	7		Rejected!	
GOCC_PWP2P_CONTAINING_SUBCOMPLEX_OF_90S_PRERIBOSOME	6		Rejected!	
GOCC_P_BODY	99	96		
GOCC_R2TP_COMPLEX	5		Rejected!	
GOCC_RADIAL_SPOKE	5		Rejected!	
GOCC_RAGULATOR_COMPLEX	5		Rejected!	
GOCC_RECEPTOR_COMPLEX	531	272		
GOCC_RECYCLING_ENDOSOME	203	185		
GOCC_RECYCLING_ENDOSOME_MEMBRANE	107	99		
GOCC_REPLICATION_FORK	67	66		
GOCC_REPLISOME	15		Rejected!	
GOCC_RESPIRASOME	102	98		
GOCC_RESPIRATORY_CHAIN_COMPLEX_IV	28	24		
GOCC_RETROMER_COMPLEX	12		Rejected!	
GOCC_RIBBON_SYNAPSE	15		Rejected!	
GOCC_RIBONUCLEASE_MRP_COMPLEX	10		Rejected!	
GOCC_RIBONUCLEASE_P_COMPLEX	14		Rejected!	
GOCC_RIBONUCLEOPROTEIN_COMPLEX	1169		Rejected!	
GOCC_RIBONUCLEOPROTEIN_GRANULE	270	244		
GOCC_RIBOSE_PHOSPHATE_DIPHOSPHOKINASE_COMPLEX	5		Rejected!	
GOCC_RIBOSOMAL_SUBUNIT	188	183		
GOCC_RIBOSOME	239	226		
GOCC_RIPOPTOSOME	6		Rejected!	
GOCC_RISC_LOADING_COMPLEX	8		Rejected!	
GOCC_RNAI_EFFECTOR_COMPLEX	413	99		
GOCC_RNA_CAP_BINDING_COMPLEX	22	20		
GOCC_RNA_N6_METHYLADENOSINE_METHYLTRANSFERASE_COMPLEX	9		Rejected!	
GOCC_RNA_POLYMERASE_COMPLEX	118	104		
GOCC_RNA_POLYMERASE_III_COMPLEX	18	18		
GOCC_RNA_POLYMERASE_III_TRANSCRIPTION_REGULATOR_COMPLEX	9		Rejected!	
GOCC_RNA_POLYMERASE_II_CORE_COMPLEX	15	15		
GOCC_RNA_POLYMERASE_II_HOLOENZYME	87	73		
GOCC_RNA_POLYMERASE_II_TRANSCRIPTION_REGULATOR_COMPLEX	254	226		
GOCC_RNA_POLYMERASE_II_TRANSCRIPTION_REPRESSOR_COMPLEX	15		Rejected!	
GOCC_RNA_POLYMERASE_I_COMPLEX	13		Rejected!	
GOCC_RNA_POLYMERASE_I_TRANSCRIPTION_REGULATOR_COMPLEX	6		Rejected!	
GOCC_RNA_POLYMERASE_TRANSCRIPTION_FACTOR_SL1_COMPLEX	5		Rejected!	
GOCC_ROD_PHOTORECEPTOR_OUTER_SEGMENT	6		Rejected!	
GOCC_ROUGH_ENDOPLASMIC_RETICULUM	57	51		
GOCC_ROUGH_ENDOPLASMIC_RETICULUM_MEMBRANE	24	24		
GOCC_RPAP3_R2TP_PREFOLDIN_LIKE_COMPLEX	12		Rejected!	
GOCC_RSC_TYPE_COMPLEX	15		Rejected!	
GOCC_RUFFLE	183	175		
GOCC_RUFFLE_MEMBRANE	101	96		
GOCC_SAGA_COMPLEX	25	23		
GOCC_SAGA_TYPE_COMPLEX	39	36		
GOCC_SARCOLEMMA	141	119		
GOCC_SARCOPLASM	93	76		
GOCC_SARCOPLASMIC_RETICULUM	75	62		
GOCC_SARCOPLASMIC_RETICULUM_LUMEN	9		Rejected!	
GOCC_SARCOPLASMIC_RETICULUM_MEMBRANE	44	35		
GOCC_SCAR_COMPLEX	12		Rejected!	
GOCC_SCF_UBIQUITIN_LIGASE_COMPLEX	65	59		
GOCC_SCHAFFER_COLLATERAL_CA1_SYNAPSE	92	70		
GOCC_SCHMIDT_LANTERMAN_INCISURE	11		Rejected!	
GOCC_SEC61_TRANSLOCON_COMPLEX	5		Rejected!	
GOCC_SECONDARY_LYSOSOME	18		Rejected!	
GOCC_SECRETORY_GRANULE	892		Rejected!	
GOCC_SECRETORY_GRANULE_MEMBRANE	314	243		
GOCC_SECRETORY_VESICLE	1067		Rejected!	
GOCC_SEH1_ASSOCIATED_COMPLEX	8		Rejected!	
GOCC_SEMAPHORIN_RECEPTOR_COMPLEX	11		Rejected!	
GOCC_SEPTIN_CYTOSKELETON	16		Rejected!	
GOCC_SERINE_PROTEASE_INHIBITOR_COMPLEX	6		Rejected!	
GOCC_SERINE_TYPE_ENDOPEPTIDASE_COMPLEX	11		Rejected!	
GOCC_SERINE_TYPE_PEPTIDASE_COMPLEX	13		Rejected!	
GOCC_SEROTONIN_ACTIVATED_CATION_SELECTIVE_CHANNEL_COMPLEX	5		Rejected!	
GOCC_SEROTONIN_RECEPTOR_COMPLEX	9		Rejected!	
GOCC_SET1C_COMPASS_COMPLEX	15		Rejected!	
GOCC_SEX_CHROMATIN	6		Rejected!	
GOCC_SEX_CHROMOSOME	36	30		
GOCC_SHELTERIN_COMPLEX	6		Rejected!	
GOCC_SIDE_OF_MEMBRANE	724	478		
GOCC_SIGNAL_PEPTIDASE_COMPLEX	6		Rejected!	
GOCC_SIGNAL_RECOGNITION_PARTICLE	14		Rejected!	
GOCC_SIN3_TYPE_COMPLEX	22	22		
GOCC_SITE_OF_DNA_DAMAGE	117	114		
GOCC_SITE_OF_DOUBLE_STRAND_BREAK	85	83		
GOCC_SITE_OF_POLARIZED_GROWTH	173	144		
GOCC_SMAD_PROTEIN_COMPLEX	9		Rejected!	
GOCC_SMALL_RIBOSOMAL_SUBUNIT	75	72		
GOCC_SMALL_SUBUNIT_PROCESSOME	74	73		
GOCC_SMC5_SMC6_COMPLEX	9		Rejected!	
GOCC_SMN_COMPLEX	10		Rejected!	
GOCC_SMN_SM_PROTEIN_COMPLEX	18	18		
GOCC_SMOOTH_ENDOPLASMIC_RETICULUM	30	25		
GOCC_SMOOTH_ENDOPLASMIC_RETICULUM_MEMBRANE	9		Rejected!	
GOCC_SM_LIKE_PROTEIN_FAMILY_COMPLEX	115	92		
GOCC_SNARE_COMPLEX	48	44		
GOCC_SNO_S_RNA_CONTAINING_RIBONUCLEOPROTEIN_COMPLEX	29	28		
GOCC_SODIUM_CHANNEL_COMPLEX	24		Rejected!	
GOCC_SODIUM_POTASSIUM_EXCHANGING_ATPASE_COMPLEX	12		Rejected!	
GOCC_SOMATODENDRITIC_COMPARTMENT	839		Rejected!	
GOCC_SORTING_ENDOSOME	6		Rejected!	
GOCC_SPECIFIC_GRANULE	160	118		
GOCC_SPECIFIC_GRANULE_LUMEN	62	41		
GOCC_SPECIFIC_GRANULE_MEMBRANE	91	71		
GOCC_SPECTRIN	9		Rejected!	
GOCC_SPECTRIN_ASSOCIATED_CYTOSKELETON	9		Rejected!	
GOCC_SPERMATOPROTEASOME_COMPLEX	5		Rejected!	
GOCC_SPERM_ANNULUS	6		Rejected!	
GOCC_SPERM_CONNECTING_PIECE	11		Rejected!	
GOCC_SPERM_FIBROUS_SHEATH	7		Rejected!	
GOCC_SPERM_HEAD	17		Rejected!	
GOCC_SPERM_HEAD_PLASMA_MEMBRANE	6		Rejected!	
GOCC_SPERM_MIDPIECE	53	36		
GOCC_SPERM_MITOCHONDRIAL_SHEATH	5		Rejected!	
GOCC_SPERM_PLASMA_MEMBRANE	14		Rejected!	
GOCC_SPERM_PRINCIPAL_PIECE	34	26		
GOCC_SPHERICAL_HIGH_DENSITY_LIPOPROTEIN_PARTICLE	8		Rejected!	
GOCC_SPINDLE	431	405		
GOCC_SPINDLE_MICROTUBULE	81	81		
GOCC_SPINDLE_MIDZONE	37	36		
GOCC_SPINDLE_POLE	176	169		
GOCC_SPINDLE_POLE_CENTROSOME	14		Rejected!	
GOCC_SPLICEOSOMAL_COMPLEX	204	193		
GOCC_SPLICEOSOMAL_SNRNP_COMPLEX	94	71		
GOCC_SPLICEOSOMAL_TRI_SNRNP_COMPLEX	47	36		
GOCC_STEREOCILIA_COUPLING_LINK	7		Rejected!	
GOCC_STEREOCILIUM_BASE	5		Rejected!	
GOCC_STEREOCILIUM_BUNDLE	63	46		
GOCC_STEREOCILIUM_MEMBRANE	6		Rejected!	
GOCC_STEREOCILIUM_TIP	21	16		
GOCC_STRIATED_MUSCLE_THIN_FILAMENT	22	20		
GOCC_SUMO_LIGASE_COMPLEX	13		Rejected!	
GOCC_SUPER_ELONGATION_COMPLEX	6		Rejected!	
GOCC_SUPRAMOLECULAR_COMPLEX	1408		Rejected!	
GOCC_SUPRAMOLECULAR_POLYMER	1044		Rejected!	
GOCC_SWI_SNF_COMPLEX	30	28		
GOCC_SWI_SNF_SUPERFAMILY_TYPE_COMPLEX	92	90		
GOCC_SWR1_COMPLEX	13		Rejected!	
GOCC_SYMMETRIC_SYNAPSE	11		Rejected!	
GOCC_SYNAPSE	1451		Rejected!	
GOCC_SYNAPSE_ASSOCIATED_EXTRACELLULAR_MATRIX	12		Rejected!	
GOCC_SYNAPTIC_CLEFT	21		Rejected!	
GOCC_SYNAPTIC_MEMBRANE	393	256		
GOCC_SYNAPTIC_VESICLE_MEMBRANE	126	97		
GOCC_SYNAPTOBREVIN_2_SNAP_25_SYNTAXIN_1A_COMPLEX	5		Rejected!	
GOCC_SYNAPTONEMAL_STRUCTURE	40	27		
GOCC_TELOMERASE_HOLOENZYME_COMPLEX	22	22		
GOCC_TERMINAL_BOUTON	45	29		
GOCC_TERTIARY_GRANULE	164	125		
GOCC_TERTIARY_GRANULE_LUMEN	55	39		
GOCC_TERTIARY_GRANULE_MEMBRANE	73	57		
GOCC_TETRASPANIN_ENRICHED_MICRODOMAIN	10		Rejected!	
GOCC_THO_COMPLEX	6		Rejected!	
GOCC_TIGHT_JUNCTION	131	116		
GOCC_TIM22_MITOCHONDRIAL_IMPORT_INNER_MEMBRANE_INSERTION_COMPLEX	7		Rejected!	
GOCC_TIM23_MITOCHONDRIAL_IMPORT_INNER_MEMBRANE_TRANSLOCASE_COMPLEX	16	16		
GOCC_TORC1_COMPLEX	6		Rejected!	
GOCC_TORC2_COMPLEX	9		Rejected!	
GOCC_TOR_COMPLEX	11		Rejected!	
GOCC_TRAMP_COMPLEX	5		Rejected!	
GOCC_TRANSCRIPTION_ELONGATION_FACTOR_COMPLEX	48	46		
GOCC_TRANSCRIPTION_EXPORT_COMPLEX	10		Rejected!	
GOCC_TRANSCRIPTION_EXPORT_COMPLEX_2	5		Rejected!	
GOCC_TRANSCRIPTION_FACTOR_AP_1_COMPLEX	5		Rejected!	
GOCC_TRANSCRIPTION_FACTOR_TFIIA_COMPLEX	5		Rejected!	
GOCC_TRANSCRIPTION_FACTOR_TFIID_COMPLEX	46	33		
GOCC_TRANSCRIPTION_FACTOR_TFIIH_HOLO_COMPLEX	13		Rejected!	
GOCC_TRANSCRIPTION_FACTOR_TFIIIC_COMPLEX	6		Rejected!	
GOCC_TRANSCRIPTION_FACTOR_TFTC_COMPLEX	18	18		
GOCC_TRANSCRIPTION_PREINITIATION_COMPLEX	13		Rejected!	
GOCC_TRANSCRIPTION_REGULATOR_COMPLEX	513	435		
GOCC_TRANSCRIPTION_REPRESSOR_COMPLEX	77	70		
GOCC_TRANSFERASE_COMPLEX	861		Rejected!	
GOCC_TRANSFERASE_COMPLEX_TRANSFERRING_PHOSPHORUS_CONTAINING_GROUPS	306	277		
GOCC_TRANSLATION_PREINITIATION_COMPLEX	19	19		
GOCC_TRANSLOCON_COMPLEX	6		Rejected!	
GOCC_TRANSPORTER_COMPLEX	421	295		
GOCC_TRANSPORT_VESICLE	433	339		
GOCC_TRANSPORT_VESICLE_MEMBRANE	236	180		
GOCC_TRANS_GOLGI_NETWORK	261	225		
GOCC_TRANS_GOLGI_NETWORK_MEMBRANE	105	88		
GOCC_TRANS_GOLGI_NETWORK_TRANSPORT_VESICLE	38	34		
GOCC_TRANS_GOLGI_NETWORK_TRANSPORT_VESICLE_MEMBRANE	20	18		
GOCC_TRAPPIII_PROTEIN_COMPLEX	12		Rejected!	
GOCC_TRAPPII_PROTEIN_COMPLEX	12		Rejected!	
GOCC_TRAPP_COMPLEX	17	16		
GOCC_TRICARBOXYLIC_ACID_CYCLE_ENZYME_COMPLEX	16	16		
GOCC_TRIGLYCERIDE_RICH_PLASMA_LIPOPROTEIN_PARTICLE	20	15		
GOCC_TRNA_METHYLTRANSFERASE_COMPLEX	7		Rejected!	
GOCC_TRNA_SPLICING_LIGASE_COMPLEX	8		Rejected!	
GOCC_TROPONIN_COMPLEX	9		Rejected!	
GOCC_TUBULAR_ENDOSOME	5		Rejected!	
GOCC_T_CELL_RECEPTOR_COMPLEX	140		Rejected!	
GOCC_T_TUBULE	51	43		
GOCC_U12_TYPE_SPLICEOSOMAL_COMPLEX	29	27		
GOCC_U1_SNRNP	32	24		
GOCC_U2AF_COMPLEX	6		Rejected!	
GOCC_U2_SNRNP	28	25		
GOCC_U2_TYPE_CATALYTIC_STEP_2_SPLICEOSOME	30	30		
GOCC_U2_TYPE_SPLICEOSOMAL_COMPLEX	92	89		
GOCC_U4_SNRNP	13		Rejected!	
GOCC_U5_SNRNP	25	20		
GOCC_U6_SNRNP	11		Rejected!	
GOCC_U7_SNRNP	7		Rejected!	
GOCC_UBIQUINONE_BIOSYNTHESIS_COMPLEX	6		Rejected!	
GOCC_UBIQUITIN_CONJUGATING_ENZYME_COMPLEX	8		Rejected!	
GOCC_UBIQUITIN_LIGASE_COMPLEX	314	293		
GOCC_UNCONVENTIONAL_MYOSIN_COMPLEX	9		Rejected!	
GOCC_UNIPLEX_COMPLEX	6		Rejected!	
GOCC_VACUOLAR_LUMEN	176	129		
GOCC_VACUOLAR_MEMBRANE	486	431		
GOCC_VACUOLAR_PROTON_TRANSPORTING_V_TYPE_ATPASE_V0_DOMAIN	10		Rejected!	
GOCC_VACUOLE	853		Rejected!	
GOCC_VARICOSITY	8		Rejected!	
GOCC_VCP_NPL4_UFD1_AAA_ATPASE_COMPLEX	8		Rejected!	
GOCC_VESICLE_COAT	62	58		
GOCC_VESICLE_LUMEN	326	249		
GOCC_VESICLE_MEMBRANE	1233		Rejected!	
GOCC_VESICLE_TETHERING_COMPLEX	57	56		
GOCC_VOLTAGE_GATED_CALCIUM_CHANNEL_COMPLEX	55	43		
GOCC_VOLTAGE_GATED_SODIUM_CHANNEL_COMPLEX	14		Rejected!	
GOCC_WASH_COMPLEX	12		Rejected!	
GOCC_WEIBEL_PALADE_BODY	5		Rejected!	
GOCC_WNT_SIGNALOSOME	13		Rejected!	
GOCC_XY_BODY	15		Rejected!	
GOCC_X_CHROMOSOME	13		Rejected!	
GOCC_ZONA_PELLUCIDA_RECEPTOR_COMPLEX	8		Rejected!	
GOCC_ZONULA_ADHERENS	8		Rejected!	
GOCC_ZYMOGEN_GRANULE	14		Rejected!	
